{
    "blah": {
        "col_list": [
            [
                1.0,
                0.0,
                0.0
            ],
            [
                1.0,
                0.955,
                0.0
            ],
            [
                0.028,
                0.516,
                0.0
            ],
            [
                0.0,
                0.984,
                0.968
            ],
            [
                0.006,
                0.003,
                1.0
            ],
            [
                0.925,
                0.155,
                0.934
            ],
            [
                1.0,
                0.025,
                0.928
            ],
            [
                0.991,
                0.996,
                0.974
            ],
            [
                0.988,
                0.505,
                0.0
            ],
            [
                0.0,
                0.964,
                1.0
            ],
            [
                0.026,
                0.014,
                0.998
            ],
            [
                0.936,
                0.487,
                0.891
            ],
            [
                1.0,
                0.0,
                0.0
            ]
        ],
        "col_steps": [
            -3.14,
            -2.65,
            -2.09,
            -1.75,
            -1.05,
            -0.5,
            0,
            0.5,
            1.05,
            1.57,
            2.09,
            2.65,
            3.14
        ]
    },
    "ecc": {
        "col_list": [
            [
                0.5019607843137255,
                0.0,
                0.0
            ],
            [
                1.0,
                0.0,
                0.0
            ],
            [
                1.0,
                1.0,
                0.0
            ],
            [
                0.0,
                1.0,
                0.0
            ],
            [
                0.0,
                0.5019607843137255,
                0.0
            ],
            [
                0.0,
                0.5019607843137255,
                0.5019607843137255
            ],
            [
                0.0,
                0.0,
                1.0
            ],
            [
                0.0,
                0.0,
                0.5019607843137255
            ],
            [
                0.5019607843137255,
                0.0,
                0.5019607843137255
            ]
        ],
        "col_steps": [
            0,
            0.1,
            0.25,
            0.5,
            1,
            2,
            3,
            4,
            5
        ]
    },
    "pol": {
        "col_list": [
            [
                1.0,
                0.0,
                0.0
            ],
            [
                1.0,
                1.0,
                0.0
            ],
            [
                0.0,
                0.5019607843137255,
                0.0
            ],
            [
                0.0,
                1.0,
                1.0
            ],
            [
                0.0,
                0.0,
                1.0
            ],
            [
                0.9333333333333333,
                0.5098039215686274,
                0.9333333333333333
            ],
            [
                1.0,
                0.0,
                0.0
            ],
            [
                1.0,
                1.0,
                0.0
            ],
            [
                0.0,
                0.5019607843137255,
                0.0
            ],
            [
                0.0,
                1.0,
                1.0
            ],
            [
                0.0,
                0.0,
                1.0
            ],
            [
                0.9333333333333333,
                0.5098039215686274,
                0.9333333333333333
            ],
            [
                1.0,
                0.0,
                0.0
            ]
        ],
        "col_steps": [
            -3.14,
            -2.65,
            -2.09,
            -1.75,
            -1.05,
            -0.5,
            0,
            0.5,
            1.05,
            1.57,
            2.09,
            2.65,
            3.14
        ]
    },
    "pol2": {
        "col_list": [
            [
                0,
                0,
                0
            ],
            [
                0,
                1,
                0
            ],
            [
                0,
                1,
                1
            ],
            [
                1,
                0,
                0
            ],
            [
                1,
                1,
                1
            ],
            [
                1,
                0,
                1
            ],
            [
                1,
                1,
                0
            ],
            [
                0,
                0,
                1
            ],
            [
                0,
                0,
                0
            ]
        ],
        "col_steps": [
            -3.142,
            -2.356,
            -1.571,
            -0.785,
            0.0,
            0.785,
            1.571,
            2.356,
            3.142
        ]
    },
    "pol3": {
        "col_list": [
            [
                1,
                1,
                1
            ],
            [
                1,
                0,
                1
            ],
            [
                1,
                1,
                0
            ],
            [
                0,
                0,
                1
            ],
            [
                0,
                0,
                0
            ],
            [
                0,
                1,
                0
            ],
            [
                0,
                1,
                1
            ],
            [
                1,
                0,
                0
            ],
            [
                1,
                1,
                1
            ]
        ],
        "col_steps": [
            -3.142,
            -2.356,
            -1.571,
            -0.785,
            0.0,
            0.785,
            1.571,
            2.356,
            3.142
        ]
    },
    "pol4": {
        "col_list": [
            [
                0.0,
                0.0,
                0.0
            ],
            [
                0.0,
                1.0,
                0.003
            ],
            [
                0.008,
                0.992,
                0.992
            ],
            [
                1.0,
                0.011,
                0.011
            ],
            [
                0.995,
                0.984,
                1.0
            ],
            [
                0.49,
                0.011,
                1.0
            ],
            [
                0.976,
                0.976,
                0.024
            ],
            [
                0.003,
                0.003,
                0.997
            ],
            [
                0.0,
                0.0,
                0.0
            ]
        ],
        "col_steps": [
            -3.142,
            -2.356,
            -1.571,
            -0.785,
            0.0,
            0.785,
            1.571,
            2.356,
            3.142
        ]
    }
}